{
  "XLF": -0.023503706295479522,
  "XLC": -0.0031886865695317556,
  "XLY": 0.020032058194989252,
  "XLP": -0.0012927745069776296,
  "XLE": -0.020364929768410357,
  "XLV": 0.013088764392194297,
  "XLI": -0.03545630815483276,
  "XLB": 0.005641379916951772,
  "XLRE": 0.006952664965674992,
  "XLK": -0.03444015788557255,
  "XLU": -0.03473294274437996
}