{
  "XLF": 0.01813562959432602,
  "XLC": 0.02583979442715645,
  "XLY": -0.01248982548713684,
  "XLP": 0.008619993925094604,
  "XLE": 0.032399117946624756,
  "XLV": -0.012186678126454353,
  "XLI": 0.015183486044406891,
  "XLB": -0.011534124612808228,
  "XLRE": -0.008881762623786926,
  "XLK": 0.012691140174865723,
  "XLU": -0.010063700377941132
}