{
  "XLF": -0.013101838529109955,
  "XLC": 0.04389643669128418,
  "XLY": 0.029121439903974533,
  "XLP": -0.030070126056671143,
  "XLE": 0.01327819749712944,
  "XLV": -0.01875711977481842,
  "XLI": -0.004799559712409973,
  "XLB": -0.025555167347192764,
  "XLRE": -0.011944390833377838,
  "XLK": 0.003407888114452362,
  "XLU": -0.014923349022865295
}