{
  "XLF": 0.008575228638611397,
  "XLC": -0.0016603098383971627,
  "XLY": 0.02438227392378308,
  "XLP": 0.01535353745732989,
  "XLV": 0.08205901079234625,
  "XLI": -0.018423993885517125,
  "XLB": 0.019808421816144672,
  "XLRE": 0.01715788500649589,
  "XLK": -0.02875954901750109,
  "XLU": 0.000421189126514255,
  "XLE": -0.011654664669185875
}