{
  "XLF": -0.054892172416051224,
  "XLC": -0.0010170590309869654,
  "XLY": -0.0258750814767111,
  "XLP": 0.016820659949665983,
  "XLE": 0.0632704659313946,
  "XLV": -0.01464185388315292,
  "XLI": 0.0461332461663655,
  "XLB": 0.06734730005264283,
  "XLRE": -0.00044621669110797763,
  "XLK": 0.0416745406336489,
  "XLU": 0.017076733708381656
}