{
  "XLF": 0.017104251293448714,
  "XLC": 0.021002979079882307,
  "XLY": 0.02377897571949732,
  "XLP": -0.012329179332369855,
  "XLE": -0.028773535861746295,
  "XLV": -0.015639334065573558,
  "XLI": 0.037729577649207355,
  "XLB": -0.006442139475118545,
  "XLRE": -0.030269730942589907,
  "XLK": -0.007092561325536365,
  "XLU": -0.03462124495279222
}