{
  "XLF": -0.016559135605086078,
  "XLC": 0.007491230467955272,
  "XLY": -0.03309124530780884,
  "XLP": 0.04934249797037671,
  "XLE": 0.09673416991155227,
  "XLV": 0.03198496773838998,
  "XLI": 0.06197899902860325,
  "XLB": 0.06979270570334936,
  "XLRE": 0.04161247071765719,
  "XLK": 0.018704907820288056,
  "XLU": 0.09343878328800204
}