{
  "XLF": 0.012410610914230347,
  "XLC": 0.030614018440246582,
  "XLY": 0.0018648505210876465,
  "XLP": -0.03799860551953316,
  "XLE": -0.03655854985117912,
  "XLV": -0.02409043163061142,
  "XLI": -0.0031060799956321716,
  "XLRE": -0.03212003409862518,
  "XLK": -9.888410568237305e-05,
  "XLU": -0.01592879742383957
}