{
  "XLF": -0.01303497701883316,
  "XLY": -0.0010006725788116455,
  "XLP": -0.016652852296829224,
  "XLE": -0.0003636591136455536,
  "XLV": 0.015559583902359009,
  "XLI": -0.01506817527115345,
  "XLB": -0.04669911786913872,
  "XLRE": -0.0048333266749978065,
  "XLK": -0.002626962959766388,
  "XLU": -0.016983868554234505
}