{
  "XLF": -0.04096645714194924,
  "XLC": -0.03852144025620961,
  "XLY": -0.03468387524286907,
  "XLP": -0.023528867871278815,
  "XLE": 0.030397101909249696,
  "XLV": 0.023458134560357963,
  "XLI": -0.020679388833897458,
  "XLB": -0.01347001141735486,
  "XLRE": -0.005334915637615184,
  "XLK": -0.002479367683419084,
  "XLU": 0.03627833858841942
}