{
  "XLF": -0.014265103349546055,
  "XLC": -0.038574811816215526,
  "XLY": -0.004710502851577031,
  "XLP": -0.022558594495058062,
  "XLE": -0.035649873807535065,
  "XLV": 0.025417048945313415,
  "XLI": -0.026000690318289263,
  "XLB": -0.039054910519293384,
  "XLRE": -0.038278514004889,
  "XLK": -0.019655101990277788,
  "XLU": 0.010435128460327785
}