{
  "XLF": -0.006200917065143585,
  "XLC": 0.02232680842280388,
  "XLY": -0.0014669150114059448,
  "XLP": -0.0077050477266311646,
  "XLE": -0.007914885878562927,
  "XLV": 0.007730066776275635,
  "XLI": -0.030883699655532837,
  "XLB": -0.024691954255104065,
  "XLRE": -0.033975839614868164,
  "XLK": 0.013978036120533943,
  "XLU": 0.0179368257522583
}