{
  "XLF": -0.027842467550087617,
  "XLC": 0.04997092645083156,
  "XLY": 0.017342660398710345,
  "XLP": -0.05258854627609254,
  "XLE": -0.001042039676026984,
  "XLV": -0.012146932028588797,
  "XLI": -0.013653639242762614,
  "XLB": -0.03695939839595841,
  "XLRE": -0.007945371348233452,
  "XLK": 0.007255363170947649,
  "XLU": 0.011857733698118305
}