{
  "XLF": -0.013233236968517303,
  "XLC": 0.004046589136123657,
  "XLY": -3.784894943237305e-05,
  "XLP": 0.030275043100118637,
  "XLE": -0.036436744034290314,
  "XLV": 0.000392720103263855,
  "XLI": 0.0025116726756095886,
  "XLB": -0.017501868307590485,
  "XLRE": -0.002570532262325287,
  "XLK": -0.0005867108702659607,
  "XLU": 0.013779896311461926
}