{
  "XLF": -0.018123822437750327,
  "XLC": 0.037420746187369035,
  "XLY": -0.01043807940468902,
  "XLP": -0.010642800302732562,
  "XLE": -0.03983341484934419,
  "XLV": 0.0012938645668327817,
  "XLI": -0.02710672517617544,
  "XLB": -0.08816456248362861,
  "XLRE": -0.01426737618943056,
  "XLK": 0.01217667427144747,
  "XLU": -0.012733560161931178
}