{
  "XLF": 0.010825954377651215,
  "XLC": 0.003238922916352749,
  "XLY": -0.015600554645061493,
  "XLP": 0.009855175390839577,
  "XLE": -0.06563393026590347,
  "XLV": -0.01678936555981636,
  "XLI": -0.006275929510593414,
  "XLB": -0.016659371554851532,
  "XLRE": -0.014706067740917206,
  "XLK": -0.010568194091320038,
  "XLU": 0.006117969751358032
}